RMS,Std,Kurtosis,CrestFactor,Label,File
0.07376396805784112,0.0726870986839877,2.764242790439491,4.219596125876629,0,../data/raw/normal_0.mat
0.0663520425949517,0.06515164530586431,2.9306171762700113,5.212866012336201,0,../data/raw/normal_1.mat
0.0663520425949517,0.06515164530586431,2.9306171762700113,5.212866012336201,0,../data/raw/normal_2.mat
0.06588386735663448,0.06469520385023539,2.95716868031354,4.651457364230456,0,../data/raw/normal_3.mat
0.29152604538898663,0.29121590933470093,5.395863773038575,5.965266316707954,1,../data/raw/faulty_0.mat
0.292892281456586,0.2928348290041616,5.542254574552555,5.397269858984139,1,../data/raw/faulty_1.mat
0.29951011904884844,0.2994755272633841,5.563783472883351,5.47433991481732,1,../data/raw/faulty_2.mat
0.31360673151971136,0.31357123398525055,5.291053175312335,5.329788289078492,1,../data/raw/faulty_3.mat
