RMS,Kurtosis,Label,File,RMS_norm,Kurtosis_norm,Health
0.07376396805784112,2.764242790439491,Normal,../data/raw/normal_0.mat,0.031810146906823815,0.0,98.40949265465882
0.0663520425949517,2.9306171762700113,Normal,../data/raw/normal_1.mat,0.001889915328966215,0.059429172390266405,96.93404561403837
0.0663520425949517,2.9306171762700113,Normal,../data/raw/normal_2.mat,0.001889915328966215,0.059429172390266405,96.93404561403837
0.06588386735663448,2.95716868031354,Normal,../data/raw/normal_3.mat,0.0,0.06891340821867757,96.55432958906613
0.29152604538898663,5.395863773038575,Fault,../data/raw/faulty_0.mat,0.9108653688252655,0.9400188391982249,7.455789598825479
0.292892281456586,5.542254574552555,Fault,../data/raw/faulty_1.mat,0.9163805483474108,0.9923098462309171,4.565480271083611
0.29951011904884844,5.563783472883351,Fault,../data/raw/faulty_2.mat,0.9430952305573899,1.0,2.845238472130507
0.31360673151971136,5.291053175312335,Fault,../data/raw/faulty_3.mat,1.0,0.9025803413819528,4.870982930902357
